	chr	start	end	strand	seq
561228	9	127115745	127115988	-	GCTTGGCCGGTACAGGTGTGAGAAAGGGACTACTGCAGTCCTCACTGAGAAAATCACTCCTCTGGAGATTGAGGTGCTGGAAGAAACAGTCCAAACAATGGACACTTCCTGAATGGCATCAGTGGGTGGCTGGCCGCGGTTCTGGAAGGTGGTGAGCATTGAGGCCCAGTAAGACACTCATGTGGCTAGTGTTTGCCGAATGAAACTCAACTCAATAAAAAACAAAAACCAAATTGGGCAGCTG
561229	9	127118678	127119042	-	GTGAGTGAAGGAGACGAAGTTCTTCCTGGGTCCCCTGGCGTCGTGGCCACCCTTGGTATCTCCATGGCATCTGGATGGAGTTTTCCTGGTTCTTTCCACATTAAGTACATCCAGTGTTCCCAAATCAACCTCCCACACAGACCTTCGGCTTGTTACTTGCTTTATGACAGTGGGCTGCTGTCAGGTGTAGGAAAGTGATTTAATTTGATGGGAGAGGTGGAGGGTGGCCCAGGAAAGAGCCCTAGGCTGGGAGGTGGGGCCGGAGAGGTTTGGATCATCTGCTGTCCTTTCTCAAGTGTCTTAAAGAATCCCCTGATTTCTGGGAGAAGGTGCATTTTTCAGGGCAGCCCCAGCACTTTCCCTCA
561230	9	127119043	127119194	-	GAGGAGGAAGCCAAGAATCTGGTGAGCGAAGCCATCGCAGCTGGCATCTTCAACGACCTGGGCTCCGGAAGCAACATTGACCTCTGCGTCATCAGCAAGAACAAGCTGGATTTTCTCCGCCCATACACAGTGCCCAACAAGAAGGGGACCAG
561231	9	127145875	127145900	-	TGCTTATTAAAAATATTTTGTTCTTC
561232	9	127145901	127146229	-	GACAAATGCACAGCTCTTCCATGGTCACTGTCGCAGGAATGTTGAATATGCCTGGATCCATCATGGTACCACGTTACTCCTCCACGGCACTACATCTGGCCGCTAAACCAGCATTCGGCACATAAGCTTTTTTGATGGTTGTTAATTTTTTGATGGGGAGTATCAACTTCTTTTCAACAATTAATAGGTAGTTTATGAGTGGTTTACCCTATTTCTTAGTATGTAGGTTTTTGCCATTTCTGACTTCGCAGTATTGTTTAGGGACCAGAGGGTGTCTCTGGGAATTGCTTTTTGACAGTGCCTTATGTCCAGTCATCTTTGGAAAAGAT
561233	9	127146356	127146487	-	AGACGTGACCTGAAAATGGAGGCAGTTTTAAAAATCCCTGTAGATGATTCTGCATCTGGCAGAAGATGGGGACAAGACCACACATGTGGGGGATTCATCTCAGAGCGTAATGATCTAGTGTCTCAGATACAT
561234	9	127146877	127146935	-	GTTCTGGCTCCTTGGCAGCAATGGCTGTATTTGAAGATAAGTTTAGGCCAGACATGGAG
561235	9	127159039	127159126	-	CTTTTCTTTATTAGGCAAGCTGAAGTAGTGTCAGAAGAAGCTTGGGGACCATCTTTTGCTATTAGCTTGGCAGTGTTCCTTGTAGCAG
561236	9	127160720	127160751	-	TCCATTGTGAAGAGGAGCTCTTTACAGAGAAT
561237	9	127167596	127167711	-	GTATCAAGGTTACATTGGTGCAGCCCTAGTTTTAGGGGGAGTAGATGTTACTGGACCTCACCTCTACAGCATCTATCCTCATGGATCAACTGATAAGTTGCCTTATGTCACCATGG
561238	9	127174631	127174678	-	TCCCAGAGTTGTGACAGCCAATCGGATGCTGAAGCAGATGCTTTTCAG
561239	9	127174679	127174771	-	TTGTTGTGGTGCTGGGACAGCTGCAGACACAGACATGACAACCCAGCTCATTTCTTCCAACCTGGAGCTCCACTCCCTCTCCACTGGCCGTCT
561240	9	127176187	127176284	-	GATGGCATAGTTCTTGGAGCAGATACAAGAGCAACTGAAGGGATGGTTGTTGCTGACAAGAACTGTTCAAAAATACACTTCATATCTCCTAATATTTA
561241	9	127177121	127177214	-	GAATGCCGTCTTGGAAGCCGATTTTGCAAAGAGGGGATACAAGCTTCCAAAGGTCCGGAAAACTGGCACGACCATCGCTGGGGTGGTCTATAAG
561242	9	127177392	127177409	-	GCACGTCACGGCCCCTTT
561243	9	127177410	127177570	-	GTGATACGAGAATTCTGAGGGAAGAATTCATGGCGGGGCCTGTGGCCCGCGGCTAGTGTGACTCAGGGGAATCAGGGCCTGGGCGTGGGTTTCTCCTGAAGCCGGGTCTGCTCTCCCACCTTCCCAGCGCACTCGGCCACCGTTTATCTCCGTCTCCTAAG
561244	9	127177571	127177586	-	GGAGCTGGGCCAAGGT
561245	9	127177643	127177718	-	GCTTTCTTGGGAAGATGGCGGCTGTGTCGGTGTATGCTCCACCAGTTGGAGGCTTCTCTTTTGATAACTGCCGCAG
561246	9	127177719	127177721	-	ACT
561247	9	127177722	127177723	-	GA
